"id","citizen_id","plate_number","make","model","color","manufacture_year","chassis_number","engine_number","registration_date"
"1","1","T001ABC","Kia","Polo","White","2001","CHS0000000001","ENG0000000001","4/5/2020 12:00:00 AM"
"2","2","T002ABC","Suzuki","Vitz","Green","2002","CHS0000000002","ENG0000000002","5/19/2022 12:00:00 AM"
"3","3","T003ABC","Isuzu","Canter","Silver","2003","CHS0000000003","ENG0000000003","10/2/2023 12:00:00 AM"
"4","4","T004ABC","Ford","Rio","Green","2004","CHS0000000004","ENG0000000004","3/2/2024 12:00:00 AM"
"5","5","T005ABC","Toyota","Rio","Black","2005","CHS0000000005","ENG0000000005","8/11/2023 12:00:00 AM"
"6","6","T006ABC","Toyota","Polo","Gray","2006","CHS0000000006","ENG0000000006","11/10/2022 12:00:00 AM"
"7","7","T007ABC","Suzuki","Hilux","Silver","2007","CHS0000000007","ENG0000000007","10/13/2022 12:00:00 AM"
"8","8","T008ABC","Isuzu","Canter","White","2008","CHS0000000008","ENG0000000008","12/16/2021 12:00:00 AM"
"9","9","T009ABC","Hyundai","Premio","Black","2009","CHS0000000009","ENG0000000009","6/12/2020 12:00:00 AM"
"10","10","T010ABC","Toyota","Noah","Black","2010","CHS0000000010","ENG0000000010","11/3/2025 12:00:00 AM"
"11","11","T011ABC","Hyundai","Corolla","Red","2011","CHS0000000011","ENG0000000011","3/17/2020 12:00:00 AM"
"12","12","T012ABC","Honda","Hilux","Green","2012","CHS0000000012","ENG0000000012","1/30/2023 12:00:00 AM"
"13","13","T013ABC","Toyota","Vitz","Silver","2013","CHS0000000013","ENG0000000013","6/29/2021 12:00:00 AM"
"14","14","T014ABC","Nissan","Noah","Black","2014","CHS0000000014","ENG0000000014","12/11/2020 12:00:00 AM"
"15","15","T015ABC","Toyota","Canter","Red","2015","CHS0000000015","ENG0000000015","2/2/2022 12:00:00 AM"
"16","16","T016ABC","Honda","Premio","Silver","2016","CHS0000000016","ENG0000000016","10/18/2023 12:00:00 AM"
"17","17","T017ABC","Suzuki","Rio","Gray","2017","CHS0000000017","ENG0000000017","8/10/2021 12:00:00 AM"
"18","18","T018ABC","Ford","Vitz","Red","2018","CHS0000000018","ENG0000000018","6/4/2024 12:00:00 AM"
"19","19","T019ABC","Ford","Premio","Gray","2019","CHS0000000019","ENG0000000019","12/12/2025 12:00:00 AM"
"20","20","T020ABC","Nissan","Polo","Green","2020","CHS0000000020","ENG0000000020","5/19/2021 12:00:00 AM"
"21","21","T021ABC","Isuzu","Vitz","Black","2021","CHS0000000021","ENG0000000021","12/15/2022 12:00:00 AM"
"22","22","T022ABC","Suzuki","Polo","Silver","2022","CHS0000000022","ENG0000000022","5/9/2023 12:00:00 AM"
"23","23","T023ABC","Nissan","Noah","White","2023","CHS0000000023","ENG0000000023","12/13/2022 12:00:00 AM"
"24","24","T024ABC","Ford","Rio","Blue","2000","CHS0000000024","ENG0000000024","7/2/2022 12:00:00 AM"
"25","25","T025ABC","Kia","Corolla","Red","2001","CHS0000000025","ENG0000000025","6/28/2023 12:00:00 AM"
"26","26","T026ABC","Suzuki","Alto","Green","2002","CHS0000000026","ENG0000000026","7/18/2021 12:00:00 AM"
"27","27","T027ABC","Nissan","Premio","Red","2003","CHS0000000027","ENG0000000027","3/5/2024 12:00:00 AM"
"28","28","T028ABC","Honda","RAV4","Green","2004","CHS0000000028","ENG0000000028","3/23/2021 12:00:00 AM"
"29","29","T029ABC","Honda","RAV4","White","2005","CHS0000000029","ENG0000000029","9/29/2024 12:00:00 AM"
"30","30","T030ABC","Toyota","Alto","Silver","2006","CHS0000000030","ENG0000000030","5/23/2023 12:00:00 AM"
"31","31","T031ABC","Volkswagen","Noah","Silver","2007","CHS0000000031","ENG0000000031","6/6/2022 12:00:00 AM"
"32","32","T032ABC","Volkswagen","Hilux","White","2008","CHS0000000032","ENG0000000032","12/24/2023 12:00:00 AM"
"33","33","T033ABC","Kia","RAV4","White","2009","CHS0000000033","ENG0000000033","11/21/2020 12:00:00 AM"
"34","34","T034ABC","Isuzu","RAV4","Gray","2010","CHS0000000034","ENG0000000034","8/19/2023 12:00:00 AM"
"35","35","T035ABC","Hyundai","Hilux","Black","2011","CHS0000000035","ENG0000000035","9/24/2025 12:00:00 AM"
"36","36","T036ABC","Isuzu","Canter","White","2012","CHS0000000036","ENG0000000036","9/5/2024 12:00:00 AM"
"37","37","T037ABC","Isuzu","Polo","Green","2013","CHS0000000037","ENG0000000037","8/4/2021 12:00:00 AM"
"38","38","T038ABC","Hyundai","Alto","Black","2014","CHS0000000038","ENG0000000038","10/17/2021 12:00:00 AM"
"39","39","T039ABC","Volkswagen","Corolla","Gray","2015","CHS0000000039","ENG0000000039","3/2/2021 12:00:00 AM"
"40","40","T040ABC","Suzuki","Premio","Blue","2016","CHS0000000040","ENG0000000040","9/9/2025 12:00:00 AM"
"41","41","T041ABC","Mitsubishi","Rio","Gray","2017","CHS0000000041","ENG0000000041","1/17/2021 12:00:00 AM"
"42","42","T042ABC","Isuzu","Polo","Green","2018","CHS0000000042","ENG0000000042","4/22/2021 12:00:00 AM"
"43","43","T043ABC","Honda","Canter","Green","2019","CHS0000000043","ENG0000000043","2/15/2025 12:00:00 AM"
"44","44","T044ABC","Isuzu","Noah","Black","2020","CHS0000000044","ENG0000000044","3/17/2021 12:00:00 AM"
"45","45","T045ABC","Nissan","RAV4","Silver","2021","CHS0000000045","ENG0000000045","4/13/2025 12:00:00 AM"
"46","46","T046ABC","Isuzu","Polo","Gray","2022","CHS0000000046","ENG0000000046","11/30/2021 12:00:00 AM"
"47","47","T047ABC","Kia","Vitz","Black","2023","CHS0000000047","ENG0000000047","3/4/2021 12:00:00 AM"
"48","48","T048ABC","Honda","Alto","White","2000","CHS0000000048","ENG0000000048","2/13/2022 12:00:00 AM"
"49","49","T049ABC","Ford","Premio","Red","2001","CHS0000000049","ENG0000000049","8/27/2021 12:00:00 AM"
"50","50","T050ABC","Hyundai","Polo","Blue","2002","CHS0000000050","ENG0000000050","5/15/2022 12:00:00 AM"
"51","51","T051ABC","Hyundai","Alto","Red","2003","CHS0000000051","ENG0000000051","12/1/2021 12:00:00 AM"
"52","52","T052ABC","Volkswagen","Canter","White","2004","CHS0000000052","ENG0000000052","2/20/2023 12:00:00 AM"
"53","53","T053ABC","Volkswagen","Alto","White","2005","CHS0000000053","ENG0000000053","7/14/2020 12:00:00 AM"
"54","54","T054ABC","Mitsubishi","Alto","Red","2006","CHS0000000054","ENG0000000054","6/8/2023 12:00:00 AM"
"55","55","T055ABC","Nissan","Premio","Silver","2007","CHS0000000055","ENG0000000055","5/23/2023 12:00:00 AM"
"56","56","T056ABC","Suzuki","Vitz","Red","2008","CHS0000000056","ENG0000000056","10/6/2025 12:00:00 AM"
"57","57","T057ABC","Mitsubishi","Canter","Silver","2009","CHS0000000057","ENG0000000057","1/3/2025 12:00:00 AM"
"58","58","T058ABC","Volkswagen","Corolla","Black","2010","CHS0000000058","ENG0000000058","12/23/2021 12:00:00 AM"
"59","59","T059ABC","Kia","Vitz","White","2011","CHS0000000059","ENG0000000059","7/18/2023 12:00:00 AM"
"60","60","T060ABC","Nissan","Canter","Red","2012","CHS0000000060","ENG0000000060","4/24/2022 12:00:00 AM"
"61","61","T061ABC","Volkswagen","Polo","Blue","2013","CHS0000000061","ENG0000000061","3/19/2025 12:00:00 AM"
"62","62","T062ABC","Ford","Corolla","White","2014","CHS0000000062","ENG0000000062","12/9/2025 12:00:00 AM"
"63","63","T063ABC","Volkswagen","Corolla","White","2015","CHS0000000063","ENG0000000063","5/26/2022 12:00:00 AM"
"64","64","T064ABC","Ford","Rio","Green","2016","CHS0000000064","ENG0000000064","7/9/2020 12:00:00 AM"
"65","65","T065ABC","Kia","Vitz","Green","2017","CHS0000000065","ENG0000000065","9/16/2020 12:00:00 AM"
"66","66","T066ABC","Mitsubishi","Hilux","Gray","2018","CHS0000000066","ENG0000000066","1/17/2024 12:00:00 AM"
"67","67","T067ABC","Isuzu","Alto","Silver","2019","CHS0000000067","ENG0000000067","3/26/2023 12:00:00 AM"
"68","68","T068ABC","Ford","Corolla","Blue","2020","CHS0000000068","ENG0000000068","11/6/2023 12:00:00 AM"
"69","69","T069ABC","Volkswagen","Polo","Gray","2021","CHS0000000069","ENG0000000069","12/14/2023 12:00:00 AM"
"70","70","T070ABC","Mitsubishi","Polo","Black","2022","CHS0000000070","ENG0000000070","1/9/2022 12:00:00 AM"
"71","71","T071ABC","Honda","Noah","White","2023","CHS0000000071","ENG0000000071","3/18/2024 12:00:00 AM"
"72","72","T072ABC","Kia","Corolla","Red","2000","CHS0000000072","ENG0000000072","12/12/2025 12:00:00 AM"
"73","73","T073ABC","Hyundai","Rio","Red","2001","CHS0000000073","ENG0000000073","5/25/2022 12:00:00 AM"
"74","74","T074ABC","Honda","Premio","White","2002","CHS0000000074","ENG0000000074","2/4/2023 12:00:00 AM"
"75","75","T075ABC","Toyota","Polo","Red","2003","CHS0000000075","ENG0000000075","8/23/2025 12:00:00 AM"
"76","76","T076ABC","Hyundai","Premio","Black","2004","CHS0000000076","ENG0000000076","1/16/2024 12:00:00 AM"
"77","77","T077ABC","Honda","Premio","Red","2005","CHS0000000077","ENG0000000077","9/6/2024 12:00:00 AM"
"78","78","T078ABC","Toyota","Noah","Gray","2006","CHS0000000078","ENG0000000078","11/30/2020 12:00:00 AM"
"79","79","T079ABC","Mitsubishi","Alto","Blue","2007","CHS0000000079","ENG0000000079","8/19/2020 12:00:00 AM"
"80","80","T080ABC","Nissan","Hilux","Gray","2008","CHS0000000080","ENG0000000080","7/16/2021 12:00:00 AM"
"81","81","T081ABC","Kia","Hilux","Red","2009","CHS0000000081","ENG0000000081","5/17/2024 12:00:00 AM"
"82","82","T082ABC","Suzuki","Corolla","White","2010","CHS0000000082","ENG0000000082","11/4/2021 12:00:00 AM"
"83","83","T083ABC","Hyundai","RAV4","Red","2011","CHS0000000083","ENG0000000083","12/18/2022 12:00:00 AM"
"84","84","T084ABC","Isuzu","Premio","Blue","2012","CHS0000000084","ENG0000000084","5/11/2020 12:00:00 AM"
"85","85","T085ABC","Hyundai","RAV4","White","2013","CHS0000000085","ENG0000000085","7/18/2022 12:00:00 AM"
"86","86","T086ABC","Mitsubishi","Rio","Green","2014","CHS0000000086","ENG0000000086","9/27/2023 12:00:00 AM"
"87","87","T087ABC","Nissan","Premio","White","2015","CHS0000000087","ENG0000000087","11/3/2025 12:00:00 AM"
"88","88","T088ABC","Kia","Rio","Black","2016","CHS0000000088","ENG0000000088","5/17/2025 12:00:00 AM"
"89","89","T089ABC","Toyota","RAV4","Green","2017","CHS0000000089","ENG0000000089","12/20/2023 12:00:00 AM"
"90","90","T090ABC","Hyundai","Alto","Silver","2018","CHS0000000090","ENG0000000090","1/29/2023 12:00:00 AM"
"91","91","T091ABC","Suzuki","Noah","Green","2019","CHS0000000091","ENG0000000091","5/3/2024 12:00:00 AM"
"92","92","T092ABC","Ford","Noah","Green","2020","CHS0000000092","ENG0000000092","11/30/2025 12:00:00 AM"
"93","93","T093ABC","Nissan","Canter","Silver","2021","CHS0000000093","ENG0000000093","5/16/2024 12:00:00 AM"
"94","94","T094ABC","Kia","RAV4","Green","2022","CHS0000000094","ENG0000000094","4/22/2020 12:00:00 AM"
"95","95","T095ABC","Isuzu","Corolla","Red","2023","CHS0000000095","ENG0000000095","3/8/2020 12:00:00 AM"
"96","96","T096ABC","Toyota","Corolla","Black","2000","CHS0000000096","ENG0000000096","3/12/2025 12:00:00 AM"
"97","97","T097ABC","Kia","Vitz","Blue","2001","CHS0000000097","ENG0000000097","3/25/2025 12:00:00 AM"
"98","98","T098ABC","Suzuki","Polo","Silver","2002","CHS0000000098","ENG0000000098","8/23/2021 12:00:00 AM"
"99","99","T099ABC","Isuzu","Alto","White","2003","CHS0000000099","ENG0000000099","8/11/2020 12:00:00 AM"
"100","100","T100ABC","Kia","Noah","White","2004","CHS0000000100","ENG0000000100","1/28/2025 12:00:00 AM"
"101","101","T101ABC","Honda","Corolla","Gray","2005","CHS0000000101","ENG0000000101","8/1/2022 12:00:00 AM"
"102","102","T102ABC","Volkswagen","Alto","Green","2006","CHS0000000102","ENG0000000102","4/22/2024 12:00:00 AM"
"103","103","T103ABC","Suzuki","Rio","Black","2007","CHS0000000103","ENG0000000103","10/5/2024 12:00:00 AM"
"104","104","T104ABC","Toyota","Hilux","Blue","2008","CHS0000000104","ENG0000000104","12/12/2021 12:00:00 AM"
"105","105","T105ABC","Kia","Hilux","Gray","2009","CHS0000000105","ENG0000000105","2/24/2025 12:00:00 AM"
"106","106","T106ABC","Hyundai","Corolla","Blue","2010","CHS0000000106","ENG0000000106","10/30/2021 12:00:00 AM"
"107","107","T107ABC","Isuzu","Rio","Blue","2011","CHS0000000107","ENG0000000107","2/3/2022 12:00:00 AM"
"108","108","T108ABC","Mitsubishi","Vitz","White","2012","CHS0000000108","ENG0000000108","5/24/2020 12:00:00 AM"
"109","109","T109ABC","Toyota","Vitz","Blue","2013","CHS0000000109","ENG0000000109","1/10/2020 12:00:00 AM"
"110","110","T110ABC","Isuzu","Rio","White","2014","CHS0000000110","ENG0000000110","9/28/2021 12:00:00 AM"
"111","111","T111ABC","Hyundai","Vitz","Black","2015","CHS0000000111","ENG0000000111","3/19/2023 12:00:00 AM"
"112","112","T112ABC","Suzuki","Premio","Silver","2016","CHS0000000112","ENG0000000112","5/2/2020 12:00:00 AM"
"113","113","T113ABC","Nissan","Alto","Silver","2017","CHS0000000113","ENG0000000113","1/16/2025 12:00:00 AM"
"114","114","T114ABC","Suzuki","Hilux","Green","2018","CHS0000000114","ENG0000000114","10/8/2022 12:00:00 AM"
"115","115","T115ABC","Suzuki","Canter","Silver","2019","CHS0000000115","ENG0000000115","9/17/2024 12:00:00 AM"
"116","116","T116ABC","Nissan","Canter","Black","2020","CHS0000000116","ENG0000000116","6/13/2024 12:00:00 AM"
"117","117","T117ABC","Hyundai","RAV4","Gray","2021","CHS0000000117","ENG0000000117","8/25/2021 12:00:00 AM"
"118","118","T118ABC","Ford","Premio","White","2022","CHS0000000118","ENG0000000118","11/7/2025 12:00:00 AM"
"119","119","T119ABC","Kia","Premio","White","2023","CHS0000000119","ENG0000000119","10/4/2020 12:00:00 AM"
"120","120","T120ABC","Ford","Corolla","Green","2000","CHS0000000120","ENG0000000120","1/19/2025 12:00:00 AM"
"121","121","T121ABC","Ford","Premio","Silver","2001","CHS0000000121","ENG0000000121","12/19/2023 12:00:00 AM"
"122","122","T122ABC","Honda","Noah","Red","2002","CHS0000000122","ENG0000000122","3/31/2025 12:00:00 AM"
"123","123","T123ABC","Volkswagen","Corolla","Blue","2003","CHS0000000123","ENG0000000123","4/8/2024 12:00:00 AM"
"124","124","T124ABC","Volkswagen","RAV4","White","2004","CHS0000000124","ENG0000000124","8/17/2021 12:00:00 AM"
"125","125","T125ABC","Mitsubishi","Alto","Gray","2005","CHS0000000125","ENG0000000125","9/3/2020 12:00:00 AM"
"126","126","T126ABC","Ford","Rio","Black","2006","CHS0000000126","ENG0000000126","2/10/2024 12:00:00 AM"
"127","127","T127ABC","Ford","Noah","Green","2007","CHS0000000127","ENG0000000127","10/11/2025 12:00:00 AM"
"128","128","T128ABC","Nissan","Polo","Gray","2008","CHS0000000128","ENG0000000128","12/3/2022 12:00:00 AM"
"129","129","T129ABC","Ford","RAV4","White","2009","CHS0000000129","ENG0000000129","2/27/2024 12:00:00 AM"
"130","130","T130ABC","Mitsubishi","Vitz","Silver","2010","CHS0000000130","ENG0000000130","4/13/2023 12:00:00 AM"
"131","131","T131ABC","Ford","Polo","Blue","2011","CHS0000000131","ENG0000000131","8/12/2023 12:00:00 AM"
"132","132","T132ABC","Kia","RAV4","Silver","2012","CHS0000000132","ENG0000000132","9/25/2023 12:00:00 AM"
"133","133","T133ABC","Mitsubishi","Vitz","Gray","2013","CHS0000000133","ENG0000000133","5/2/2020 12:00:00 AM"
"134","134","T134ABC","Isuzu","Vitz","Silver","2014","CHS0000000134","ENG0000000134","5/1/2024 12:00:00 AM"
"135","135","T135ABC","Toyota","Canter","White","2015","CHS0000000135","ENG0000000135","3/13/2022 12:00:00 AM"
"136","136","T136ABC","Suzuki","Alto","Gray","2016","CHS0000000136","ENG0000000136","5/17/2025 12:00:00 AM"
"137","137","T137ABC","Isuzu","Corolla","White","2017","CHS0000000137","ENG0000000137","11/17/2022 12:00:00 AM"
"138","138","T138ABC","Isuzu","Premio","Green","2018","CHS0000000138","ENG0000000138","10/8/2023 12:00:00 AM"
"139","139","T139ABC","Suzuki","Hilux","Black","2019","CHS0000000139","ENG0000000139","9/23/2024 12:00:00 AM"
"140","140","T140ABC","Suzuki","Polo","Gray","2020","CHS0000000140","ENG0000000140","6/17/2021 12:00:00 AM"
"141","141","T141ABC","Toyota","Noah","Red","2021","CHS0000000141","ENG0000000141","5/16/2022 12:00:00 AM"
"142","142","T142ABC","Toyota","Vitz","Silver","2022","CHS0000000142","ENG0000000142","7/1/2025 12:00:00 AM"
"143","143","T143ABC","Nissan","RAV4","Red","2023","CHS0000000143","ENG0000000143","3/13/2025 12:00:00 AM"
"144","144","T144ABC","Ford","Vitz","Silver","2000","CHS0000000144","ENG0000000144","2/27/2020 12:00:00 AM"
"145","145","T145ABC","Nissan","Alto","Black","2001","CHS0000000145","ENG0000000145","8/8/2025 12:00:00 AM"
"146","146","T146ABC","Mitsubishi","Vitz","Black","2002","CHS0000000146","ENG0000000146","5/7/2025 12:00:00 AM"
"147","147","T147ABC","Hyundai","Hilux","Red","2003","CHS0000000147","ENG0000000147","8/10/2020 12:00:00 AM"
"148","148","T148ABC","Mitsubishi","RAV4","Silver","2004","CHS0000000148","ENG0000000148","6/18/2021 12:00:00 AM"
"149","149","T149ABC","Volkswagen","Polo","Black","2005","CHS0000000149","ENG0000000149","12/14/2020 12:00:00 AM"
"150","150","T150ABC","Toyota","RAV4","Gray","2006","CHS0000000150","ENG0000000150","5/25/2023 12:00:00 AM"
"151","151","T151ABC","Hyundai","Hilux","Black","2007","CHS0000000151","ENG0000000151","5/28/2025 12:00:00 AM"
"152","152","T152ABC","Hyundai","Corolla","Green","2008","CHS0000000152","ENG0000000152","1/16/2024 12:00:00 AM"
"153","153","T153ABC","Toyota","RAV4","Red","2009","CHS0000000153","ENG0000000153","1/12/2025 12:00:00 AM"
"154","154","T154ABC","Suzuki","Vitz","Green","2010","CHS0000000154","ENG0000000154","12/29/2021 12:00:00 AM"
"155","155","T155ABC","Hyundai","Vitz","Blue","2011","CHS0000000155","ENG0000000155","8/9/2025 12:00:00 AM"
"156","156","T156ABC","Nissan","Hilux","Red","2012","CHS0000000156","ENG0000000156","8/26/2024 12:00:00 AM"
"157","157","T157ABC","Nissan","RAV4","White","2013","CHS0000000157","ENG0000000157","2/28/2025 12:00:00 AM"
"158","158","T158ABC","Suzuki","Rio","Green","2014","CHS0000000158","ENG0000000158","12/14/2024 12:00:00 AM"
"159","159","T159ABC","Hyundai","Vitz","White","2015","CHS0000000159","ENG0000000159","3/20/2021 12:00:00 AM"
"160","160","T160ABC","Mitsubishi","Premio","White","2016","CHS0000000160","ENG0000000160","12/2/2024 12:00:00 AM"
"161","161","T161ABC","Nissan","Rio","White","2017","CHS0000000161","ENG0000000161","9/16/2025 12:00:00 AM"
"162","162","T162ABC","Volkswagen","Premio","Gray","2018","CHS0000000162","ENG0000000162","12/22/2025 12:00:00 AM"
"163","163","T163ABC","Hyundai","Corolla","Silver","2019","CHS0000000163","ENG0000000163","11/21/2021 12:00:00 AM"
"164","164","T164ABC","Volkswagen","Polo","Blue","2020","CHS0000000164","ENG0000000164","5/3/2024 12:00:00 AM"
"165","165","T165ABC","Honda","Canter","Gray","2021","CHS0000000165","ENG0000000165","7/1/2022 12:00:00 AM"
"166","166","T166ABC","Kia","Hilux","Silver","2022","CHS0000000166","ENG0000000166","4/20/2020 12:00:00 AM"
"167","167","T167ABC","Suzuki","Polo","White","2023","CHS0000000167","ENG0000000167","5/23/2024 12:00:00 AM"
"168","168","T168ABC","Ford","Vitz","Green","2000","CHS0000000168","ENG0000000168","8/12/2022 12:00:00 AM"
"169","169","T169ABC","Ford","Vitz","Gray","2001","CHS0000000169","ENG0000000169","4/17/2021 12:00:00 AM"
"170","170","T170ABC","Toyota","Alto","White","2002","CHS0000000170","ENG0000000170","2/15/2024 12:00:00 AM"
"171","171","T171ABC","Ford","Corolla","Green","2003","CHS0000000171","ENG0000000171","10/16/2022 12:00:00 AM"
"172","172","T172ABC","Volkswagen","Alto","White","2004","CHS0000000172","ENG0000000172","8/30/2025 12:00:00 AM"
"173","173","T173ABC","Mitsubishi","RAV4","Red","2005","CHS0000000173","ENG0000000173","12/9/2024 12:00:00 AM"
"174","174","T174ABC","Ford","Alto","Green","2006","CHS0000000174","ENG0000000174","7/29/2020 12:00:00 AM"
"175","175","T175ABC","Volkswagen","Corolla","Blue","2007","CHS0000000175","ENG0000000175","9/19/2025 12:00:00 AM"
"176","176","T176ABC","Suzuki","Corolla","Black","2008","CHS0000000176","ENG0000000176","1/30/2021 12:00:00 AM"
"177","177","T177ABC","Toyota","Polo","Red","2009","CHS0000000177","ENG0000000177","5/26/2020 12:00:00 AM"
"178","178","T178ABC","Nissan","Noah","Red","2010","CHS0000000178","ENG0000000178","7/31/2025 12:00:00 AM"
"179","179","T179ABC","Honda","Hilux","Gray","2011","CHS0000000179","ENG0000000179","4/2/2025 12:00:00 AM"
"180","180","T180ABC","Nissan","Vitz","Black","2012","CHS0000000180","ENG0000000180","7/1/2024 12:00:00 AM"
"181","181","T181ABC","Volkswagen","Corolla","Black","2013","CHS0000000181","ENG0000000181","10/26/2021 12:00:00 AM"
"182","182","T182ABC","Toyota","Hilux","Gray","2014","CHS0000000182","ENG0000000182","12/28/2025 12:00:00 AM"
"183","183","T183ABC","Hyundai","Alto","Blue","2015","CHS0000000183","ENG0000000183","2/21/2020 12:00:00 AM"
"184","184","T184ABC","Toyota","Corolla","Silver","2016","CHS0000000184","ENG0000000184","9/11/2023 12:00:00 AM"
"185","185","T185ABC","Volkswagen","Vitz","Black","2017","CHS0000000185","ENG0000000185","4/22/2025 12:00:00 AM"
"186","186","T186ABC","Toyota","Rio","Gray","2018","CHS0000000186","ENG0000000186","8/13/2020 12:00:00 AM"
"187","187","T187ABC","Volkswagen","Vitz","Silver","2019","CHS0000000187","ENG0000000187","5/22/2023 12:00:00 AM"
"188","188","T188ABC","Hyundai","Rio","Green","2020","CHS0000000188","ENG0000000188","10/27/2025 12:00:00 AM"
"189","189","T189ABC","Ford","Vitz","Silver","2021","CHS0000000189","ENG0000000189","12/16/2021 12:00:00 AM"
"190","190","T190ABC","Ford","Corolla","White","2022","CHS0000000190","ENG0000000190","6/21/2025 12:00:00 AM"
"191","191","T191ABC","Toyota","Alto","Silver","2023","CHS0000000191","ENG0000000191","1/11/2023 12:00:00 AM"
"192","192","T192ABC","Volkswagen","Alto","Gray","2000","CHS0000000192","ENG0000000192","10/18/2022 12:00:00 AM"
"193","193","T193ABC","Hyundai","Hilux","White","2001","CHS0000000193","ENG0000000193","2/17/2022 12:00:00 AM"
"194","194","T194ABC","Mitsubishi","Premio","Gray","2002","CHS0000000194","ENG0000000194","11/18/2024 12:00:00 AM"
"195","195","T195ABC","Isuzu","RAV4","Red","2003","CHS0000000195","ENG0000000195","1/17/2022 12:00:00 AM"
"196","196","T196ABC","Hyundai","Noah","White","2004","CHS0000000196","ENG0000000196","4/16/2025 12:00:00 AM"
"197","197","T197ABC","Ford","Canter","Black","2005","CHS0000000197","ENG0000000197","10/24/2021 12:00:00 AM"
"198","198","T198ABC","Hyundai","Rio","Green","2006","CHS0000000198","ENG0000000198","9/11/2024 12:00:00 AM"
"199","199","T199ABC","Ford","Canter","Gray","2007","CHS0000000199","ENG0000000199","1/30/2022 12:00:00 AM"
"200","200","T200ABC","Volkswagen","Noah","Black","2008","CHS0000000200","ENG0000000200","4/8/2020 12:00:00 AM"
"201","201","T201ABC","Hyundai","Polo","Gray","2009","CHS0000000201","ENG0000000201","5/15/2024 12:00:00 AM"
"202","202","T202ABC","Hyundai","Alto","Red","2010","CHS0000000202","ENG0000000202","5/18/2021 12:00:00 AM"
"203","203","T203ABC","Toyota","RAV4","White","2011","CHS0000000203","ENG0000000203","11/25/2021 12:00:00 AM"
"204","204","T204ABC","Suzuki","Vitz","White","2012","CHS0000000204","ENG0000000204","3/16/2025 12:00:00 AM"
"205","205","T205ABC","Honda","RAV4","Gray","2013","CHS0000000205","ENG0000000205","1/20/2021 12:00:00 AM"
"206","206","T206ABC","Mitsubishi","Canter","Blue","2014","CHS0000000206","ENG0000000206","3/27/2025 12:00:00 AM"
"207","207","T207ABC","Nissan","RAV4","Red","2015","CHS0000000207","ENG0000000207","11/26/2024 12:00:00 AM"
"208","208","T208ABC","Ford","RAV4","White","2016","CHS0000000208","ENG0000000208","12/9/2025 12:00:00 AM"
"209","209","T209ABC","Kia","Canter","Blue","2017","CHS0000000209","ENG0000000209","3/6/2020 12:00:00 AM"
"210","210","T210ABC","Suzuki","RAV4","Green","2018","CHS0000000210","ENG0000000210","6/16/2020 12:00:00 AM"
"211","211","T211ABC","Hyundai","Hilux","Silver","2019","CHS0000000211","ENG0000000211","3/12/2023 12:00:00 AM"
"212","212","T212ABC","Kia","Alto","Black","2020","CHS0000000212","ENG0000000212","5/14/2025 12:00:00 AM"
"213","213","T213ABC","Suzuki","Rio","Gray","2021","CHS0000000213","ENG0000000213","8/29/2022 12:00:00 AM"
"214","214","T214ABC","Suzuki","Noah","Gray","2022","CHS0000000214","ENG0000000214","2/10/2022 12:00:00 AM"
"215","215","T215ABC","Isuzu","Polo","Blue","2023","CHS0000000215","ENG0000000215","7/13/2023 12:00:00 AM"
"216","216","T216ABC","Kia","Polo","Red","2000","CHS0000000216","ENG0000000216","12/17/2023 12:00:00 AM"
"217","217","T217ABC","Mitsubishi","Corolla","Black","2001","CHS0000000217","ENG0000000217","2/11/2025 12:00:00 AM"
"218","218","T218ABC","Mitsubishi","Corolla","Black","2002","CHS0000000218","ENG0000000218","1/14/2021 12:00:00 AM"
"219","219","T219ABC","Mitsubishi","Vitz","Silver","2003","CHS0000000219","ENG0000000219","3/24/2021 12:00:00 AM"
"220","220","T220ABC","Isuzu","Corolla","Green","2004","CHS0000000220","ENG0000000220","12/14/2022 12:00:00 AM"
"221","221","T221ABC","Kia","Vitz","Black","2005","CHS0000000221","ENG0000000221","2/28/2024 12:00:00 AM"
"222","222","T222ABC","Ford","Alto","Blue","2006","CHS0000000222","ENG0000000222","3/28/2024 12:00:00 AM"
"223","223","T223ABC","Hyundai","Hilux","Gray","2007","CHS0000000223","ENG0000000223","8/5/2023 12:00:00 AM"
"224","224","T224ABC","Hyundai","RAV4","Silver","2008","CHS0000000224","ENG0000000224","5/31/2020 12:00:00 AM"
"225","225","T225ABC","Honda","Canter","Silver","2009","CHS0000000225","ENG0000000225","2/20/2025 12:00:00 AM"
"226","226","T226ABC","Isuzu","Canter","Blue","2010","CHS0000000226","ENG0000000226","7/25/2022 12:00:00 AM"
"227","227","T227ABC","Honda","Alto","White","2011","CHS0000000227","ENG0000000227","5/17/2024 12:00:00 AM"
"228","228","T228ABC","Kia","Canter","White","2012","CHS0000000228","ENG0000000228","4/12/2021 12:00:00 AM"
"229","229","T229ABC","Kia","Corolla","Red","2013","CHS0000000229","ENG0000000229","9/28/2020 12:00:00 AM"
"230","230","T230ABC","Suzuki","Polo","White","2014","CHS0000000230","ENG0000000230","4/13/2024 12:00:00 AM"
"231","231","T231ABC","Honda","Alto","White","2015","CHS0000000231","ENG0000000231","5/1/2021 12:00:00 AM"
"232","232","T232ABC","Isuzu","Polo","Black","2016","CHS0000000232","ENG0000000232","9/13/2025 12:00:00 AM"
"233","233","T233ABC","Honda","Noah","Red","2017","CHS0000000233","ENG0000000233","2/28/2024 12:00:00 AM"
"234","234","T234ABC","Hyundai","Hilux","Silver","2018","CHS0000000234","ENG0000000234","6/15/2022 12:00:00 AM"
"235","235","T235ABC","Isuzu","Rio","White","2019","CHS0000000235","ENG0000000235","12/2/2025 12:00:00 AM"
"236","236","T236ABC","Honda","Vitz","Gray","2020","CHS0000000236","ENG0000000236","10/24/2021 12:00:00 AM"
"237","237","T237ABC","Toyota","Canter","Red","2021","CHS0000000237","ENG0000000237","7/22/2024 12:00:00 AM"
"238","238","T238ABC","Volkswagen","Corolla","Red","2022","CHS0000000238","ENG0000000238","10/6/2023 12:00:00 AM"
"239","239","T239ABC","Honda","Canter","Black","2023","CHS0000000239","ENG0000000239","7/7/2023 12:00:00 AM"
"240","240","T240ABC","Honda","RAV4","Silver","2000","CHS0000000240","ENG0000000240","7/3/2024 12:00:00 AM"
"241","241","T241ABC","Isuzu","Hilux","White","2001","CHS0000000241","ENG0000000241","5/13/2024 12:00:00 AM"
"242","242","T242ABC","Hyundai","RAV4","Black","2002","CHS0000000242","ENG0000000242","11/8/2024 12:00:00 AM"
"243","243","T243ABC","Hyundai","Noah","Green","2003","CHS0000000243","ENG0000000243","3/14/2023 12:00:00 AM"
"244","244","T244ABC","Volkswagen","Corolla","Silver","2004","CHS0000000244","ENG0000000244","7/25/2024 12:00:00 AM"
"245","245","T245ABC","Kia","Vitz","Silver","2005","CHS0000000245","ENG0000000245","2/14/2024 12:00:00 AM"
"246","246","T246ABC","Nissan","Canter","Silver","2006","CHS0000000246","ENG0000000246","5/3/2023 12:00:00 AM"
"247","247","T247ABC","Ford","Corolla","Silver","2007","CHS0000000247","ENG0000000247","12/13/2021 12:00:00 AM"
"248","248","T248ABC","Volkswagen","Alto","Green","2008","CHS0000000248","ENG0000000248","4/20/2025 12:00:00 AM"
"249","249","T249ABC","Volkswagen","RAV4","Red","2009","CHS0000000249","ENG0000000249","2/12/2022 12:00:00 AM"
"250","250","T250ABC","Ford","Corolla","Blue","2010","CHS0000000250","ENG0000000250","12/24/2023 12:00:00 AM"
"251","251","T251ABC","Nissan","Polo","Green","2011","CHS0000000251","ENG0000000251","1/1/2023 12:00:00 AM"
"252","252","T252ABC","Nissan","Corolla","Green","2012","CHS0000000252","ENG0000000252","10/21/2022 12:00:00 AM"
"253","253","T253ABC","Isuzu","Canter","Red","2013","CHS0000000253","ENG0000000253","9/11/2024 12:00:00 AM"
"254","254","T254ABC","Nissan","Premio","Red","2014","CHS0000000254","ENG0000000254","2/2/2024 12:00:00 AM"
"255","255","T255ABC","Kia","Canter","White","2015","CHS0000000255","ENG0000000255","10/1/2024 12:00:00 AM"
"256","256","T256ABC","Isuzu","Corolla","White","2016","CHS0000000256","ENG0000000256","5/17/2021 12:00:00 AM"
"257","257","T257ABC","Mitsubishi","Corolla","Gray","2017","CHS0000000257","ENG0000000257","3/14/2022 12:00:00 AM"
"258","258","T258ABC","Mitsubishi","Polo","White","2018","CHS0000000258","ENG0000000258","4/22/2025 12:00:00 AM"
"259","259","T259ABC","Isuzu","Canter","Blue","2019","CHS0000000259","ENG0000000259","6/4/2021 12:00:00 AM"
"260","260","T260ABC","Ford","Vitz","Black","2020","CHS0000000260","ENG0000000260","3/26/2023 12:00:00 AM"
"261","261","T261ABC","Nissan","Alto","White","2021","CHS0000000261","ENG0000000261","6/23/2021 12:00:00 AM"
"262","262","T262ABC","Kia","Hilux","Gray","2022","CHS0000000262","ENG0000000262","8/11/2021 12:00:00 AM"
"263","263","T263ABC","Volkswagen","Corolla","Black","2023","CHS0000000263","ENG0000000263","5/20/2020 12:00:00 AM"
"264","264","T264ABC","Kia","Alto","Blue","2000","CHS0000000264","ENG0000000264","9/13/2020 12:00:00 AM"
"265","265","T265ABC","Hyundai","Alto","Silver","2001","CHS0000000265","ENG0000000265","9/24/2020 12:00:00 AM"
"266","266","T266ABC","Isuzu","Canter","White","2002","CHS0000000266","ENG0000000266","8/31/2022 12:00:00 AM"
"267","267","T267ABC","Suzuki","Vitz","Blue","2003","CHS0000000267","ENG0000000267","11/1/2023 12:00:00 AM"
"268","268","T268ABC","Kia","RAV4","Green","2004","CHS0000000268","ENG0000000268","6/23/2021 12:00:00 AM"
"269","269","T269ABC","Nissan","Canter","Red","2005","CHS0000000269","ENG0000000269","3/25/2023 12:00:00 AM"
"270","270","T270ABC","Toyota","Vitz","Silver","2006","CHS0000000270","ENG0000000270","4/17/2021 12:00:00 AM"
"271","271","T271ABC","Isuzu","Canter","Red","2007","CHS0000000271","ENG0000000271","12/16/2021 12:00:00 AM"
"272","272","T272ABC","Suzuki","Corolla","Green","2008","CHS0000000272","ENG0000000272","8/9/2023 12:00:00 AM"
"273","273","T273ABC","Toyota","RAV4","Black","2009","CHS0000000273","ENG0000000273","2/11/2020 12:00:00 AM"
"274","274","T274ABC","Honda","Noah","Silver","2010","CHS0000000274","ENG0000000274","2/21/2024 12:00:00 AM"
"275","275","T275ABC","Honda","Canter","Gray","2011","CHS0000000275","ENG0000000275","3/2/2021 12:00:00 AM"
"276","276","T276ABC","Ford","Corolla","Silver","2012","CHS0000000276","ENG0000000276","3/15/2022 12:00:00 AM"
"277","277","T277ABC","Toyota","Hilux","Green","2013","CHS0000000277","ENG0000000277","2/1/2022 12:00:00 AM"
"278","278","T278ABC","Toyota","Rio","White","2014","CHS0000000278","ENG0000000278","8/18/2020 12:00:00 AM"
"279","279","T279ABC","Suzuki","Rio","Gray","2015","CHS0000000279","ENG0000000279","10/16/2024 12:00:00 AM"
"280","280","T280ABC","Hyundai","Vitz","Green","2016","CHS0000000280","ENG0000000280","5/18/2022 12:00:00 AM"
"281","281","T281ABC","Hyundai","Rio","Blue","2017","CHS0000000281","ENG0000000281","8/6/2023 12:00:00 AM"
"282","282","T282ABC","Toyota","Rio","Red","2018","CHS0000000282","ENG0000000282","4/6/2025 12:00:00 AM"
"283","283","T283ABC","Mitsubishi","Rio","Green","2019","CHS0000000283","ENG0000000283","9/17/2022 12:00:00 AM"
"284","284","T284ABC","Kia","Corolla","Red","2020","CHS0000000284","ENG0000000284","4/18/2021 12:00:00 AM"
"285","285","T285ABC","Isuzu","Noah","Silver","2021","CHS0000000285","ENG0000000285","10/15/2021 12:00:00 AM"
"286","286","T286ABC","Nissan","Alto","Blue","2022","CHS0000000286","ENG0000000286","2/11/2021 12:00:00 AM"
"287","287","T287ABC","Mitsubishi","Noah","Red","2023","CHS0000000287","ENG0000000287","8/17/2023 12:00:00 AM"
"288","288","T288ABC","Suzuki","Premio","Gray","2000","CHS0000000288","ENG0000000288","10/26/2024 12:00:00 AM"
"289","289","T289ABC","Honda","Premio","Black","2001","CHS0000000289","ENG0000000289","3/12/2024 12:00:00 AM"
"290","290","T290ABC","Honda","Alto","Black","2002","CHS0000000290","ENG0000000290","6/18/2020 12:00:00 AM"
"291","291","T291ABC","Suzuki","Corolla","White","2003","CHS0000000291","ENG0000000291","12/7/2020 12:00:00 AM"
"292","292","T292ABC","Kia","Alto","Silver","2004","CHS0000000292","ENG0000000292","2/8/2022 12:00:00 AM"
"293","293","T293ABC","Mitsubishi","Alto","Red","2005","CHS0000000293","ENG0000000293","12/19/2023 12:00:00 AM"
"294","294","T294ABC","Honda","Alto","Silver","2006","CHS0000000294","ENG0000000294","4/17/2021 12:00:00 AM"
"295","295","T295ABC","Mitsubishi","RAV4","Black","2007","CHS0000000295","ENG0000000295","8/10/2024 12:00:00 AM"
"296","296","T296ABC","Mitsubishi","Corolla","Black","2008","CHS0000000296","ENG0000000296","6/8/2025 12:00:00 AM"
"297","297","T297ABC","Nissan","Hilux","Gray","2009","CHS0000000297","ENG0000000297","4/25/2023 12:00:00 AM"
"298","298","T298ABC","Ford","Rio","Red","2010","CHS0000000298","ENG0000000298","3/31/2023 12:00:00 AM"
"299","299","T299ABC","Kia","Noah","Gray","2011","CHS0000000299","ENG0000000299","10/10/2020 12:00:00 AM"
"300","300","T300ABC","Ford","RAV4","Silver","2012","CHS0000000300","ENG0000000300","1/28/2024 12:00:00 AM"
"301","301","T301ABC","Nissan","Noah","Silver","2013","CHS0000000301","ENG0000000301","3/10/2025 12:00:00 AM"
"302","302","T302ABC","Hyundai","Hilux","Black","2014","CHS0000000302","ENG0000000302","6/8/2025 12:00:00 AM"
"303","303","T303ABC","Nissan","Hilux","Black","2015","CHS0000000303","ENG0000000303","1/3/2021 12:00:00 AM"
"304","304","T304ABC","Mitsubishi","Canter","Red","2016","CHS0000000304","ENG0000000304","3/3/2022 12:00:00 AM"
"305","305","T305ABC","Ford","Hilux","White","2017","CHS0000000305","ENG0000000305","10/7/2024 12:00:00 AM"
"306","306","T306ABC","Volkswagen","Canter","Red","2018","CHS0000000306","ENG0000000306","8/11/2022 12:00:00 AM"
"307","307","T307ABC","Kia","Corolla","Gray","2019","CHS0000000307","ENG0000000307","10/20/2021 12:00:00 AM"
"308","308","T308ABC","Hyundai","Hilux","Red","2020","CHS0000000308","ENG0000000308","1/19/2020 12:00:00 AM"
"309","309","T309ABC","Nissan","Alto","Red","2021","CHS0000000309","ENG0000000309","8/29/2020 12:00:00 AM"
"310","310","T310ABC","Hyundai","Canter","White","2022","CHS0000000310","ENG0000000310","12/19/2025 12:00:00 AM"
"311","311","T311ABC","Hyundai","Rio","Black","2023","CHS0000000311","ENG0000000311","3/25/2023 12:00:00 AM"
"312","312","T312ABC","Honda","Canter","Silver","2000","CHS0000000312","ENG0000000312","12/22/2021 12:00:00 AM"
"313","313","T313ABC","Suzuki","Premio","Blue","2001","CHS0000000313","ENG0000000313","1/15/2023 12:00:00 AM"
"314","314","T314ABC","Mitsubishi","Premio","Green","2002","CHS0000000314","ENG0000000314","2/25/2023 12:00:00 AM"
"315","315","T315ABC","Honda","Polo","Green","2003","CHS0000000315","ENG0000000315","1/10/2025 12:00:00 AM"
"316","316","T316ABC","Mitsubishi","Rio","White","2004","CHS0000000316","ENG0000000316","4/20/2020 12:00:00 AM"
"317","317","T317ABC","Honda","RAV4","White","2005","CHS0000000317","ENG0000000317","9/15/2024 12:00:00 AM"
"318","318","T318ABC","Kia","Alto","Blue","2006","CHS0000000318","ENG0000000318","6/15/2020 12:00:00 AM"
"319","319","T319ABC","Toyota","Corolla","Green","2007","CHS0000000319","ENG0000000319","12/16/2024 12:00:00 AM"
"320","320","T320ABC","Isuzu","Hilux","Gray","2008","CHS0000000320","ENG0000000320","6/21/2022 12:00:00 AM"
"321","321","T321ABC","Hyundai","Premio","Gray","2009","CHS0000000321","ENG0000000321","3/30/2022 12:00:00 AM"
"322","322","T322ABC","Ford","Hilux","Red","2010","CHS0000000322","ENG0000000322","2/3/2024 12:00:00 AM"
"323","323","T323ABC","Volkswagen","Hilux","Blue","2011","CHS0000000323","ENG0000000323","1/15/2020 12:00:00 AM"
"324","324","T324ABC","Ford","Hilux","Red","2012","CHS0000000324","ENG0000000324","3/1/2025 12:00:00 AM"
"325","325","T325ABC","Kia","RAV4","Green","2013","CHS0000000325","ENG0000000325","9/30/2021 12:00:00 AM"
"326","326","T326ABC","Suzuki","RAV4","Black","2014","CHS0000000326","ENG0000000326","5/4/2025 12:00:00 AM"
"327","327","T327ABC","Kia","Premio","Blue","2015","CHS0000000327","ENG0000000327","10/23/2021 12:00:00 AM"
"328","328","T328ABC","Honda","Corolla","Black","2016","CHS0000000328","ENG0000000328","11/17/2022 12:00:00 AM"
"329","329","T329ABC","Kia","Canter","Green","2017","CHS0000000329","ENG0000000329","9/7/2025 12:00:00 AM"
"330","330","T330ABC","Nissan","Alto","Blue","2018","CHS0000000330","ENG0000000330","8/29/2022 12:00:00 AM"
"331","331","T331ABC","Ford","RAV4","White","2019","CHS0000000331","ENG0000000331","10/29/2024 12:00:00 AM"
"332","332","T332ABC","Toyota","Canter","Blue","2020","CHS0000000332","ENG0000000332","3/23/2025 12:00:00 AM"
"333","333","T333ABC","Suzuki","Corolla","Green","2021","CHS0000000333","ENG0000000333","4/10/2025 12:00:00 AM"
"334","334","T334ABC","Nissan","Canter","Green","2022","CHS0000000334","ENG0000000334","3/2/2023 12:00:00 AM"
"335","335","T335ABC","Toyota","Rio","Black","2023","CHS0000000335","ENG0000000335","1/7/2021 12:00:00 AM"
"336","336","T336ABC","Ford","RAV4","Silver","2000","CHS0000000336","ENG0000000336","10/29/2023 12:00:00 AM"
"337","337","T337ABC","Hyundai","Corolla","White","2001","CHS0000000337","ENG0000000337","6/27/2020 12:00:00 AM"
"338","338","T338ABC","Isuzu","Alto","Red","2002","CHS0000000338","ENG0000000338","5/11/2021 12:00:00 AM"
"339","339","T339ABC","Hyundai","Canter","Red","2003","CHS0000000339","ENG0000000339","9/4/2020 12:00:00 AM"
"340","340","T340ABC","Isuzu","Alto","Gray","2004","CHS0000000340","ENG0000000340","8/16/2022 12:00:00 AM"
"341","341","T341ABC","Kia","Canter","Green","2005","CHS0000000341","ENG0000000341","8/14/2022 12:00:00 AM"
"342","342","T342ABC","Nissan","Premio","Black","2006","CHS0000000342","ENG0000000342","8/28/2022 12:00:00 AM"
"343","343","T343ABC","Honda","Premio","Green","2007","CHS0000000343","ENG0000000343","8/8/2021 12:00:00 AM"
"344","344","T344ABC","Isuzu","Noah","Gray","2008","CHS0000000344","ENG0000000344","8/25/2021 12:00:00 AM"
"345","345","T345ABC","Nissan","Premio","Green","2009","CHS0000000345","ENG0000000345","5/7/2020 12:00:00 AM"
"346","346","T346ABC","Honda","RAV4","Red","2010","CHS0000000346","ENG0000000346","7/13/2024 12:00:00 AM"
"347","347","T347ABC","Suzuki","Alto","Green","2011","CHS0000000347","ENG0000000347","7/6/2023 12:00:00 AM"
"348","348","T348ABC","Hyundai","Polo","Silver","2012","CHS0000000348","ENG0000000348","7/27/2022 12:00:00 AM"
"349","349","T349ABC","Nissan","Rio","Silver","2013","CHS0000000349","ENG0000000349","7/31/2020 12:00:00 AM"
"350","350","T350ABC","Suzuki","Vitz","Blue","2014","CHS0000000350","ENG0000000350","3/30/2022 12:00:00 AM"
"351","351","T351ABC","Ford","Canter","Blue","2015","CHS0000000351","ENG0000000351","1/6/2025 12:00:00 AM"
"352","352","T352ABC","Volkswagen","Premio","Green","2016","CHS0000000352","ENG0000000352","9/7/2023 12:00:00 AM"
"353","353","T353ABC","Volkswagen","RAV4","Green","2017","CHS0000000353","ENG0000000353","3/7/2025 12:00:00 AM"
"354","354","T354ABC","Ford","Vitz","Green","2018","CHS0000000354","ENG0000000354","6/25/2023 12:00:00 AM"
"355","355","T355ABC","Kia","Hilux","White","2019","CHS0000000355","ENG0000000355","10/12/2022 12:00:00 AM"
"356","356","T356ABC","Suzuki","Vitz","Blue","2020","CHS0000000356","ENG0000000356","8/12/2024 12:00:00 AM"
"357","357","T357ABC","Nissan","Premio","White","2021","CHS0000000357","ENG0000000357","9/1/2021 12:00:00 AM"
"358","358","T358ABC","Toyota","Alto","Gray","2022","CHS0000000358","ENG0000000358","10/13/2022 12:00:00 AM"
"359","359","T359ABC","Kia","Alto","Black","2023","CHS0000000359","ENG0000000359","7/31/2025 12:00:00 AM"
"360","360","T360ABC","Hyundai","Vitz","Green","2000","CHS0000000360","ENG0000000360","1/15/2020 12:00:00 AM"
"361","361","T361ABC","Volkswagen","RAV4","Gray","2001","CHS0000000361","ENG0000000361","2/16/2023 12:00:00 AM"
"362","362","T362ABC","Kia","RAV4","Gray","2002","CHS0000000362","ENG0000000362","5/8/2022 12:00:00 AM"
"363","363","T363ABC","Toyota","Alto","White","2003","CHS0000000363","ENG0000000363","3/17/2022 12:00:00 AM"
"364","364","T364ABC","Volkswagen","Corolla","Green","2004","CHS0000000364","ENG0000000364","7/20/2025 12:00:00 AM"
"365","365","T365ABC","Toyota","Vitz","Red","2005","CHS0000000365","ENG0000000365","8/12/2021 12:00:00 AM"
"366","366","T366ABC","Isuzu","Alto","Blue","2006","CHS0000000366","ENG0000000366","7/30/2020 12:00:00 AM"
"367","367","T367ABC","Honda","Premio","Green","2007","CHS0000000367","ENG0000000367","12/20/2025 12:00:00 AM"
"368","368","T368ABC","Mitsubishi","Corolla","Red","2008","CHS0000000368","ENG0000000368","1/18/2021 12:00:00 AM"
"369","369","T369ABC","Nissan","Corolla","Gray","2009","CHS0000000369","ENG0000000369","6/12/2020 12:00:00 AM"
"370","370","T370ABC","Kia","Corolla","Green","2010","CHS0000000370","ENG0000000370","12/1/2024 12:00:00 AM"
"371","371","T371ABC","Ford","Vitz","Silver","2011","CHS0000000371","ENG0000000371","9/11/2022 12:00:00 AM"
"372","372","T372ABC","Honda","Premio","Gray","2012","CHS0000000372","ENG0000000372","8/26/2025 12:00:00 AM"
"373","373","T373ABC","Ford","Premio","Green","2013","CHS0000000373","ENG0000000373","1/10/2021 12:00:00 AM"
"374","374","T374ABC","Nissan","Vitz","Gray","2014","CHS0000000374","ENG0000000374","3/28/2020 12:00:00 AM"
"375","375","T375ABC","Hyundai","Vitz","Green","2015","CHS0000000375","ENG0000000375","9/16/2022 12:00:00 AM"
"376","376","T376ABC","Suzuki","Polo","White","2016","CHS0000000376","ENG0000000376","3/31/2020 12:00:00 AM"
"377","377","T377ABC","Kia","Rio","Silver","2017","CHS0000000377","ENG0000000377","2/23/2024 12:00:00 AM"
"378","378","T378ABC","Isuzu","Polo","Green","2018","CHS0000000378","ENG0000000378","1/15/2020 12:00:00 AM"
"379","379","T379ABC","Hyundai","Polo","Red","2019","CHS0000000379","ENG0000000379","2/9/2023 12:00:00 AM"
"380","380","T380ABC","Suzuki","Corolla","Blue","2020","CHS0000000380","ENG0000000380","1/22/2021 12:00:00 AM"
"381","381","T381ABC","Volkswagen","Rio","Black","2021","CHS0000000381","ENG0000000381","7/6/2025 12:00:00 AM"
"382","382","T382ABC","Nissan","Canter","White","2022","CHS0000000382","ENG0000000382","5/29/2022 12:00:00 AM"
"383","383","T383ABC","Isuzu","Alto","Silver","2023","CHS0000000383","ENG0000000383","6/15/2021 12:00:00 AM"
"384","384","T384ABC","Toyota","Premio","Black","2000","CHS0000000384","ENG0000000384","2/4/2025 12:00:00 AM"
"385","385","T385ABC","Volkswagen","Hilux","Blue","2001","CHS0000000385","ENG0000000385","6/8/2023 12:00:00 AM"
"386","386","T386ABC","Nissan","Corolla","Red","2002","CHS0000000386","ENG0000000386","2/8/2025 12:00:00 AM"
"387","387","T387ABC","Suzuki","Polo","Black","2003","CHS0000000387","ENG0000000387","11/9/2021 12:00:00 AM"
"388","388","T388ABC","Nissan","Noah","Red","2004","CHS0000000388","ENG0000000388","6/28/2024 12:00:00 AM"
"389","389","T389ABC","Nissan","Vitz","Gray","2005","CHS0000000389","ENG0000000389","1/5/2023 12:00:00 AM"
"390","390","T390ABC","Honda","Hilux","Green","2006","CHS0000000390","ENG0000000390","8/10/2022 12:00:00 AM"
"391","391","T391ABC","Kia","Polo","Black","2007","CHS0000000391","ENG0000000391","7/24/2023 12:00:00 AM"
"392","392","T392ABC","Ford","Vitz","Green","2008","CHS0000000392","ENG0000000392","9/24/2022 12:00:00 AM"
"393","393","T393ABC","Suzuki","Vitz","Gray","2009","CHS0000000393","ENG0000000393","8/22/2021 12:00:00 AM"
"394","394","T394ABC","Honda","Rio","Green","2010","CHS0000000394","ENG0000000394","10/28/2023 12:00:00 AM"
"395","395","T395ABC","Mitsubishi","Premio","Blue","2011","CHS0000000395","ENG0000000395","5/7/2021 12:00:00 AM"
"396","396","T396ABC","Isuzu","Vitz","Silver","2012","CHS0000000396","ENG0000000396","4/18/2020 12:00:00 AM"
"397","397","T397ABC","Nissan","Premio","White","2013","CHS0000000397","ENG0000000397","2/8/2022 12:00:00 AM"
"398","398","T398ABC","Ford","Polo","Black","2014","CHS0000000398","ENG0000000398","9/10/2023 12:00:00 AM"
"399","399","T399ABC","Isuzu","Corolla","Red","2015","CHS0000000399","ENG0000000399","1/16/2022 12:00:00 AM"
"400","400","T400ABC","Ford","Corolla","Silver","2016","CHS0000000400","ENG0000000400","7/28/2024 12:00:00 AM"
"401","401","T401ABC","Kia","Polo","Gray","2017","CHS0000000401","ENG0000000401","4/20/2022 12:00:00 AM"
"402","402","T402ABC","Suzuki","RAV4","Silver","2018","CHS0000000402","ENG0000000402","12/29/2020 12:00:00 AM"
"403","403","T403ABC","Volkswagen","Hilux","Silver","2019","CHS0000000403","ENG0000000403","7/3/2020 12:00:00 AM"
"404","404","T404ABC","Ford","Vitz","Silver","2020","CHS0000000404","ENG0000000404","3/12/2021 12:00:00 AM"
"405","405","T405ABC","Honda","RAV4","Blue","2021","CHS0000000405","ENG0000000405","9/21/2020 12:00:00 AM"
"406","406","T406ABC","Ford","Canter","Gray","2022","CHS0000000406","ENG0000000406","10/14/2023 12:00:00 AM"
"407","407","T407ABC","Suzuki","Hilux","White","2023","CHS0000000407","ENG0000000407","2/13/2023 12:00:00 AM"
"408","408","T408ABC","Mitsubishi","Alto","Green","2000","CHS0000000408","ENG0000000408","7/2/2021 12:00:00 AM"
"409","409","T409ABC","Isuzu","Alto","Silver","2001","CHS0000000409","ENG0000000409","2/14/2022 12:00:00 AM"
"410","410","T410ABC","Hyundai","Polo","Red","2002","CHS0000000410","ENG0000000410","11/9/2024 12:00:00 AM"
"411","411","T411ABC","Mitsubishi","Rio","Red","2003","CHS0000000411","ENG0000000411","4/22/2023 12:00:00 AM"
"412","412","T412ABC","Ford","Noah","Green","2004","CHS0000000412","ENG0000000412","5/4/2023 12:00:00 AM"
"413","413","T413ABC","Hyundai","Premio","Gray","2005","CHS0000000413","ENG0000000413","9/30/2021 12:00:00 AM"
"414","414","T414ABC","Honda","Hilux","White","2006","CHS0000000414","ENG0000000414","7/22/2022 12:00:00 AM"
"415","415","T415ABC","Toyota","Noah","Green","2007","CHS0000000415","ENG0000000415","7/9/2021 12:00:00 AM"
"416","416","T416ABC","Isuzu","Alto","Gray","2008","CHS0000000416","ENG0000000416","7/25/2020 12:00:00 AM"
"417","417","T417ABC","Nissan","Rio","Green","2009","CHS0000000417","ENG0000000417","1/15/2020 12:00:00 AM"
"418","418","T418ABC","Suzuki","Polo","Black","2010","CHS0000000418","ENG0000000418","2/15/2024 12:00:00 AM"
"419","419","T419ABC","Volkswagen","Alto","Gray","2011","CHS0000000419","ENG0000000419","4/21/2024 12:00:00 AM"
"420","420","T420ABC","Kia","Noah","Green","2012","CHS0000000420","ENG0000000420","3/25/2021 12:00:00 AM"
"421","421","T421ABC","Isuzu","Premio","Red","2013","CHS0000000421","ENG0000000421","6/10/2025 12:00:00 AM"
"422","422","T422ABC","Hyundai","Alto","Red","2014","CHS0000000422","ENG0000000422","7/26/2020 12:00:00 AM"
"423","423","T423ABC","Honda","Polo","Black","2015","CHS0000000423","ENG0000000423","3/15/2024 12:00:00 AM"
"424","424","T424ABC","Kia","RAV4","Blue","2016","CHS0000000424","ENG0000000424","3/7/2024 12:00:00 AM"
"425","425","T425ABC","Nissan","Canter","Black","2017","CHS0000000425","ENG0000000425","5/11/2024 12:00:00 AM"
"426","426","T426ABC","Mitsubishi","Rio","White","2018","CHS0000000426","ENG0000000426","10/28/2025 12:00:00 AM"
"427","427","T427ABC","Nissan","Corolla","Blue","2019","CHS0000000427","ENG0000000427","7/4/2025 12:00:00 AM"
"428","428","T428ABC","Mitsubishi","Premio","Blue","2020","CHS0000000428","ENG0000000428","12/8/2024 12:00:00 AM"
"429","429","T429ABC","Isuzu","Vitz","White","2021","CHS0000000429","ENG0000000429","1/10/2025 12:00:00 AM"
"430","430","T430ABC","Kia","Rio","Silver","2022","CHS0000000430","ENG0000000430","8/29/2022 12:00:00 AM"
"431","431","T431ABC","Isuzu","Vitz","Blue","2023","CHS0000000431","ENG0000000431","11/17/2023 12:00:00 AM"
"432","432","T432ABC","Honda","Alto","Gray","2000","CHS0000000432","ENG0000000432","4/22/2022 12:00:00 AM"
"433","433","T433ABC","Nissan","Corolla","Red","2001","CHS0000000433","ENG0000000433","9/28/2022 12:00:00 AM"
"434","434","T434ABC","Hyundai","Noah","Gray","2002","CHS0000000434","ENG0000000434","12/3/2021 12:00:00 AM"
"435","435","T435ABC","Mitsubishi","Vitz","Gray","2003","CHS0000000435","ENG0000000435","11/6/2024 12:00:00 AM"
"436","436","T436ABC","Nissan","Vitz","Gray","2004","CHS0000000436","ENG0000000436","11/9/2020 12:00:00 AM"
"437","437","T437ABC","Mitsubishi","Premio","Blue","2005","CHS0000000437","ENG0000000437","3/9/2021 12:00:00 AM"
"438","438","T438ABC","Mitsubishi","Alto","Gray","2006","CHS0000000438","ENG0000000438","2/18/2021 12:00:00 AM"
"439","439","T439ABC","Isuzu","Rio","Blue","2007","CHS0000000439","ENG0000000439","6/27/2023 12:00:00 AM"
"440","440","T440ABC","Suzuki","Premio","Black","2008","CHS0000000440","ENG0000000440","4/11/2023 12:00:00 AM"
"441","441","T441ABC","Mitsubishi","Hilux","Gray","2009","CHS0000000441","ENG0000000441","6/7/2021 12:00:00 AM"
"442","442","T442ABC","Volkswagen","Corolla","Green","2010","CHS0000000442","ENG0000000442","12/25/2025 12:00:00 AM"
"443","443","T443ABC","Hyundai","Alto","Blue","2011","CHS0000000443","ENG0000000443","7/16/2021 12:00:00 AM"
"444","444","T444ABC","Nissan","RAV4","Black","2012","CHS0000000444","ENG0000000444","2/28/2023 12:00:00 AM"
"445","445","T445ABC","Toyota","RAV4","Black","2013","CHS0000000445","ENG0000000445","9/6/2020 12:00:00 AM"
"446","446","T446ABC","Nissan","Canter","White","2014","CHS0000000446","ENG0000000446","11/21/2022 12:00:00 AM"
"447","447","T447ABC","Mitsubishi","Premio","Silver","2015","CHS0000000447","ENG0000000447","2/16/2025 12:00:00 AM"
"448","448","T448ABC","Volkswagen","Noah","Gray","2016","CHS0000000448","ENG0000000448","7/12/2025 12:00:00 AM"
"449","449","T449ABC","Mitsubishi","Noah","Blue","2017","CHS0000000449","ENG0000000449","12/11/2025 12:00:00 AM"
"450","450","T450ABC","Kia","Canter","Black","2018","CHS0000000450","ENG0000000450","1/25/2022 12:00:00 AM"
"451","451","T451ABC","Suzuki","Premio","Black","2019","CHS0000000451","ENG0000000451","1/16/2024 12:00:00 AM"
"452","452","T452ABC","Isuzu","Premio","White","2020","CHS0000000452","ENG0000000452","6/3/2025 12:00:00 AM"
"453","453","T453ABC","Ford","Rio","Blue","2021","CHS0000000453","ENG0000000453","12/10/2020 12:00:00 AM"
"454","454","T454ABC","Nissan","Noah","Black","2022","CHS0000000454","ENG0000000454","10/5/2024 12:00:00 AM"
"455","455","T455ABC","Nissan","Noah","Green","2023","CHS0000000455","ENG0000000455","4/1/2022 12:00:00 AM"
"456","456","T456ABC","Hyundai","Hilux","Silver","2000","CHS0000000456","ENG0000000456","10/13/2023 12:00:00 AM"
"457","457","T457ABC","Hyundai","Canter","Green","2001","CHS0000000457","ENG0000000457","9/3/2025 12:00:00 AM"
"458","458","T458ABC","Kia","RAV4","Blue","2002","CHS0000000458","ENG0000000458","12/10/2022 12:00:00 AM"
"459","459","T459ABC","Kia","Rio","Red","2003","CHS0000000459","ENG0000000459","1/12/2024 12:00:00 AM"
"460","460","T460ABC","Isuzu","RAV4","Silver","2004","CHS0000000460","ENG0000000460","5/7/2025 12:00:00 AM"
"461","461","T461ABC","Mitsubishi","Noah","Silver","2005","CHS0000000461","ENG0000000461","3/23/2025 12:00:00 AM"
"462","462","T462ABC","Volkswagen","Alto","Gray","2006","CHS0000000462","ENG0000000462","5/5/2020 12:00:00 AM"
"463","463","T463ABC","Hyundai","Alto","Gray","2007","CHS0000000463","ENG0000000463","4/25/2024 12:00:00 AM"
"464","464","T464ABC","Ford","Rio","Blue","2008","CHS0000000464","ENG0000000464","1/6/2022 12:00:00 AM"
"465","465","T465ABC","Isuzu","Alto","Gray","2009","CHS0000000465","ENG0000000465","12/22/2023 12:00:00 AM"
"466","466","T466ABC","Honda","Corolla","Green","2010","CHS0000000466","ENG0000000466","3/31/2022 12:00:00 AM"
"467","467","T467ABC","Mitsubishi","Corolla","Silver","2011","CHS0000000467","ENG0000000467","4/8/2021 12:00:00 AM"
"468","468","T468ABC","Ford","Vitz","Blue","2012","CHS0000000468","ENG0000000468","9/15/2024 12:00:00 AM"
"469","469","T469ABC","Toyota","Rio","Green","2013","CHS0000000469","ENG0000000469","8/8/2023 12:00:00 AM"
"470","470","T470ABC","Kia","RAV4","Green","2014","CHS0000000470","ENG0000000470","11/18/2020 12:00:00 AM"
"471","471","T471ABC","Volkswagen","Polo","White","2015","CHS0000000471","ENG0000000471","7/19/2021 12:00:00 AM"
"472","472","T472ABC","Suzuki","Polo","Gray","2016","CHS0000000472","ENG0000000472","12/28/2025 12:00:00 AM"
"473","473","T473ABC","Suzuki","RAV4","Black","2017","CHS0000000473","ENG0000000473","6/15/2023 12:00:00 AM"
"474","474","T474ABC","Honda","Alto","Black","2018","CHS0000000474","ENG0000000474","10/24/2021 12:00:00 AM"
"475","475","T475ABC","Isuzu","Vitz","Blue","2019","CHS0000000475","ENG0000000475","10/13/2023 12:00:00 AM"
"476","476","T476ABC","Honda","Canter","Black","2020","CHS0000000476","ENG0000000476","6/7/2020 12:00:00 AM"
"477","477","T477ABC","Nissan","Corolla","Red","2021","CHS0000000477","ENG0000000477","12/28/2023 12:00:00 AM"
"478","478","T478ABC","Kia","Polo","Black","2022","CHS0000000478","ENG0000000478","8/17/2025 12:00:00 AM"
"479","479","T479ABC","Volkswagen","Alto","Green","2023","CHS0000000479","ENG0000000479","1/17/2024 12:00:00 AM"
"480","480","T480ABC","Kia","Vitz","Green","2000","CHS0000000480","ENG0000000480","6/28/2023 12:00:00 AM"
"481","481","T481ABC","Isuzu","Hilux","Gray","2001","CHS0000000481","ENG0000000481","12/29/2021 12:00:00 AM"
"482","482","T482ABC","Mitsubishi","Rio","Silver","2002","CHS0000000482","ENG0000000482","5/24/2022 12:00:00 AM"
"483","483","T483ABC","Ford","Alto","Black","2003","CHS0000000483","ENG0000000483","1/13/2021 12:00:00 AM"
"484","484","T484ABC","Hyundai","Noah","Red","2004","CHS0000000484","ENG0000000484","6/15/2021 12:00:00 AM"
"485","485","T485ABC","Suzuki","Corolla","White","2005","CHS0000000485","ENG0000000485","4/30/2022 12:00:00 AM"
"486","486","T486ABC","Nissan","Hilux","White","2006","CHS0000000486","ENG0000000486","5/30/2023 12:00:00 AM"
"487","487","T487ABC","Kia","Premio","Gray","2007","CHS0000000487","ENG0000000487","1/10/2025 12:00:00 AM"
"488","488","T488ABC","Volkswagen","Alto","Black","2008","CHS0000000488","ENG0000000488","6/26/2023 12:00:00 AM"
"489","489","T489ABC","Hyundai","Polo","Black","2009","CHS0000000489","ENG0000000489","11/9/2021 12:00:00 AM"
"490","490","T490ABC","Volkswagen","Corolla","Gray","2010","CHS0000000490","ENG0000000490","12/21/2020 12:00:00 AM"
"491","491","T491ABC","Hyundai","RAV4","White","2011","CHS0000000491","ENG0000000491","11/9/2021 12:00:00 AM"
"492","492","T492ABC","Honda","Hilux","White","2012","CHS0000000492","ENG0000000492","9/25/2022 12:00:00 AM"
"493","493","T493ABC","Toyota","Alto","Silver","2013","CHS0000000493","ENG0000000493","5/24/2025 12:00:00 AM"
"494","494","T494ABC","Honda","Canter","Blue","2014","CHS0000000494","ENG0000000494","5/16/2020 12:00:00 AM"
"495","495","T495ABC","Nissan","Hilux","Black","2015","CHS0000000495","ENG0000000495","3/25/2025 12:00:00 AM"
"496","496","T496ABC","Nissan","Premio","Red","2016","CHS0000000496","ENG0000000496","11/7/2025 12:00:00 AM"
"497","497","T497ABC","Mitsubishi","Vitz","Black","2017","CHS0000000497","ENG0000000497","10/24/2025 12:00:00 AM"
"498","498","T498ABC","Kia","RAV4","Blue","2018","CHS0000000498","ENG0000000498","2/19/2022 12:00:00 AM"
"499","499","T499ABC","Mitsubishi","Rio","Red","2019","CHS0000000499","ENG0000000499","10/9/2024 12:00:00 AM"
"500","500","T500ABC","Nissan","Alto","Green","2020","CHS0000000500","ENG0000000500","6/28/2024 12:00:00 AM"
"501","501","T501ABC","Mitsubishi","RAV4","Gray","2021","CHS0000000501","ENG0000000501","9/6/2020 12:00:00 AM"
"502","502","T502ABC","Suzuki","Premio","Green","2022","CHS0000000502","ENG0000000502","2/13/2022 12:00:00 AM"
"503","503","T503ABC","Suzuki","RAV4","White","2023","CHS0000000503","ENG0000000503","9/2/2023 12:00:00 AM"
"504","504","T504ABC","Ford","Polo","White","2000","CHS0000000504","ENG0000000504","4/22/2022 12:00:00 AM"
"505","505","T505ABC","Ford","Corolla","Green","2001","CHS0000000505","ENG0000000505","2/15/2025 12:00:00 AM"
"506","506","T506ABC","Kia","Hilux","Blue","2002","CHS0000000506","ENG0000000506","4/4/2024 12:00:00 AM"
"507","507","T507ABC","Nissan","Polo","Red","2003","CHS0000000507","ENG0000000507","9/30/2023 12:00:00 AM"
"508","508","T508ABC","Kia","Alto","Green","2004","CHS0000000508","ENG0000000508","12/23/2022 12:00:00 AM"
"509","509","T509ABC","Isuzu","Alto","Blue","2005","CHS0000000509","ENG0000000509","9/2/2024 12:00:00 AM"
"510","510","T510ABC","Ford","Canter","Blue","2006","CHS0000000510","ENG0000000510","5/9/2025 12:00:00 AM"
"511","511","T511ABC","Volkswagen","Rio","Blue","2007","CHS0000000511","ENG0000000511","6/23/2023 12:00:00 AM"
"512","512","T512ABC","Isuzu","Polo","Red","2008","CHS0000000512","ENG0000000512","9/29/2022 12:00:00 AM"
"513","513","T513ABC","Kia","Hilux","White","2009","CHS0000000513","ENG0000000513","8/29/2020 12:00:00 AM"
"514","514","T514ABC","Volkswagen","Hilux","Gray","2010","CHS0000000514","ENG0000000514","9/15/2021 12:00:00 AM"
"515","515","T515ABC","Hyundai","Corolla","Green","2011","CHS0000000515","ENG0000000515","7/2/2023 12:00:00 AM"
"516","516","T516ABC","Hyundai","RAV4","Black","2012","CHS0000000516","ENG0000000516","6/13/2024 12:00:00 AM"
"517","517","T517ABC","Suzuki","Alto","Black","2013","CHS0000000517","ENG0000000517","4/23/2020 12:00:00 AM"
"518","518","T518ABC","Mitsubishi","Noah","Gray","2014","CHS0000000518","ENG0000000518","9/3/2020 12:00:00 AM"
"519","519","T519ABC","Honda","Corolla","White","2015","CHS0000000519","ENG0000000519","10/21/2025 12:00:00 AM"
"520","520","T520ABC","Honda","Rio","Blue","2016","CHS0000000520","ENG0000000520","1/29/2022 12:00:00 AM"
"521","521","T521ABC","Isuzu","Hilux","Red","2017","CHS0000000521","ENG0000000521","7/23/2024 12:00:00 AM"
"522","522","T522ABC","Honda","Vitz","Gray","2018","CHS0000000522","ENG0000000522","6/2/2020 12:00:00 AM"
"523","523","T523ABC","Hyundai","Hilux","Green","2019","CHS0000000523","ENG0000000523","4/21/2023 12:00:00 AM"
"524","524","T524ABC","Ford","Rio","White","2020","CHS0000000524","ENG0000000524","3/19/2022 12:00:00 AM"
"525","525","T525ABC","Honda","Polo","Silver","2021","CHS0000000525","ENG0000000525","7/30/2023 12:00:00 AM"
"526","526","T526ABC","Suzuki","Alto","White","2022","CHS0000000526","ENG0000000526","4/6/2024 12:00:00 AM"
"527","527","T527ABC","Suzuki","Corolla","Red","2023","CHS0000000527","ENG0000000527","11/14/2023 12:00:00 AM"
"528","528","T528ABC","Toyota","Polo","Gray","2000","CHS0000000528","ENG0000000528","2/15/2025 12:00:00 AM"
"529","529","T529ABC","Honda","Canter","Black","2001","CHS0000000529","ENG0000000529","7/30/2024 12:00:00 AM"
"530","530","T530ABC","Ford","Alto","Silver","2002","CHS0000000530","ENG0000000530","10/15/2023 12:00:00 AM"
"531","531","T531ABC","Hyundai","RAV4","Silver","2003","CHS0000000531","ENG0000000531","3/14/2021 12:00:00 AM"
"532","532","T532ABC","Isuzu","Noah","Blue","2004","CHS0000000532","ENG0000000532","7/10/2023 12:00:00 AM"
"533","533","T533ABC","Toyota","Vitz","Black","2005","CHS0000000533","ENG0000000533","7/24/2024 12:00:00 AM"
"534","534","T534ABC","Hyundai","Polo","Green","2006","CHS0000000534","ENG0000000534","9/3/2023 12:00:00 AM"
"535","535","T535ABC","Toyota","Rio","Black","2007","CHS0000000535","ENG0000000535","2/17/2023 12:00:00 AM"
"536","536","T536ABC","Isuzu","Hilux","White","2008","CHS0000000536","ENG0000000536","7/27/2025 12:00:00 AM"
"537","537","T537ABC","Suzuki","Hilux","Green","2009","CHS0000000537","ENG0000000537","2/25/2020 12:00:00 AM"
"538","538","T538ABC","Honda","Noah","Red","2010","CHS0000000538","ENG0000000538","5/23/2025 12:00:00 AM"
"539","539","T539ABC","Ford","Canter","Gray","2011","CHS0000000539","ENG0000000539","7/21/2020 12:00:00 AM"
"540","540","T540ABC","Mitsubishi","Polo","Black","2012","CHS0000000540","ENG0000000540","6/22/2021 12:00:00 AM"
"541","541","T541ABC","Honda","Rio","Red","2013","CHS0000000541","ENG0000000541","8/26/2021 12:00:00 AM"
"542","542","T542ABC","Suzuki","Rio","White","2014","CHS0000000542","ENG0000000542","3/18/2024 12:00:00 AM"
"543","543","T543ABC","Ford","Vitz","Red","2015","CHS0000000543","ENG0000000543","5/24/2024 12:00:00 AM"
"544","544","T544ABC","Mitsubishi","Alto","Black","2016","CHS0000000544","ENG0000000544","5/18/2024 12:00:00 AM"
"545","545","T545ABC","Isuzu","RAV4","Gray","2017","CHS0000000545","ENG0000000545","2/7/2021 12:00:00 AM"
"546","546","T546ABC","Isuzu","Premio","White","2018","CHS0000000546","ENG0000000546","12/6/2024 12:00:00 AM"
"547","547","T547ABC","Toyota","Canter","Silver","2019","CHS0000000547","ENG0000000547","10/8/2021 12:00:00 AM"
"548","548","T548ABC","Nissan","Polo","Silver","2020","CHS0000000548","ENG0000000548","2/20/2021 12:00:00 AM"
"549","549","T549ABC","Honda","Corolla","Green","2021","CHS0000000549","ENG0000000549","4/7/2021 12:00:00 AM"
"550","550","T550ABC","Honda","Vitz","Blue","2022","CHS0000000550","ENG0000000550","1/31/2023 12:00:00 AM"
"551","551","T551ABC","Toyota","Noah","Black","2023","CHS0000000551","ENG0000000551","11/26/2024 12:00:00 AM"
"552","552","T552ABC","Honda","Rio","Blue","2000","CHS0000000552","ENG0000000552","8/26/2025 12:00:00 AM"
"553","553","T553ABC","Nissan","Corolla","Gray","2001","CHS0000000553","ENG0000000553","3/15/2020 12:00:00 AM"
"554","554","T554ABC","Nissan","Noah","Green","2002","CHS0000000554","ENG0000000554","4/17/2020 12:00:00 AM"
"555","555","T555ABC","Kia","Vitz","Silver","2003","CHS0000000555","ENG0000000555","7/24/2025 12:00:00 AM"
"556","556","T556ABC","Hyundai","Vitz","Blue","2004","CHS0000000556","ENG0000000556","2/7/2025 12:00:00 AM"
"557","557","T557ABC","Honda","Canter","Silver","2005","CHS0000000557","ENG0000000557","8/4/2021 12:00:00 AM"
"558","558","T558ABC","Ford","Noah","Silver","2006","CHS0000000558","ENG0000000558","2/1/2023 12:00:00 AM"
"559","559","T559ABC","Hyundai","Noah","White","2007","CHS0000000559","ENG0000000559","12/26/2025 12:00:00 AM"
"560","560","T560ABC","Nissan","Hilux","Silver","2008","CHS0000000560","ENG0000000560","10/19/2020 12:00:00 AM"
"561","561","T561ABC","Kia","Noah","Silver","2009","CHS0000000561","ENG0000000561","11/12/2020 12:00:00 AM"
"562","562","T562ABC","Toyota","Noah","White","2010","CHS0000000562","ENG0000000562","11/3/2021 12:00:00 AM"
"563","563","T563ABC","Toyota","Rio","Silver","2011","CHS0000000563","ENG0000000563","10/30/2024 12:00:00 AM"
"564","564","T564ABC","Honda","Canter","Red","2012","CHS0000000564","ENG0000000564","12/27/2021 12:00:00 AM"
"565","565","T565ABC","Volkswagen","Canter","Black","2013","CHS0000000565","ENG0000000565","2/28/2020 12:00:00 AM"
"566","566","T566ABC","Volkswagen","RAV4","Silver","2014","CHS0000000566","ENG0000000566","5/26/2025 12:00:00 AM"
"567","567","T567ABC","Hyundai","Noah","Silver","2015","CHS0000000567","ENG0000000567","7/24/2025 12:00:00 AM"
"568","568","T568ABC","Nissan","Corolla","Green","2016","CHS0000000568","ENG0000000568","10/2/2024 12:00:00 AM"
"569","569","T569ABC","Suzuki","Corolla","Green","2017","CHS0000000569","ENG0000000569","9/2/2023 12:00:00 AM"
"570","570","T570ABC","Honda","RAV4","Gray","2018","CHS0000000570","ENG0000000570","9/18/2021 12:00:00 AM"
"571","571","T571ABC","Suzuki","Polo","Silver","2019","CHS0000000571","ENG0000000571","5/29/2024 12:00:00 AM"
"572","572","T572ABC","Kia","RAV4","Green","2020","CHS0000000572","ENG0000000572","10/28/2021 12:00:00 AM"
"573","573","T573ABC","Honda","Vitz","Silver","2021","CHS0000000573","ENG0000000573","9/14/2023 12:00:00 AM"
"574","574","T574ABC","Hyundai","Noah","Black","2022","CHS0000000574","ENG0000000574","1/5/2024 12:00:00 AM"
"575","575","T575ABC","Kia","Noah","Black","2023","CHS0000000575","ENG0000000575","5/20/2024 12:00:00 AM"
"576","576","T576ABC","Toyota","Hilux","Silver","2000","CHS0000000576","ENG0000000576","5/26/2020 12:00:00 AM"
"577","577","T577ABC","Toyota","Premio","Black","2001","CHS0000000577","ENG0000000577","1/21/2023 12:00:00 AM"
"578","578","T578ABC","Honda","Corolla","Gray","2002","CHS0000000578","ENG0000000578","11/18/2021 12:00:00 AM"
"579","579","T579ABC","Ford","Corolla","Blue","2003","CHS0000000579","ENG0000000579","4/10/2025 12:00:00 AM"
"580","580","T580ABC","Nissan","Canter","Green","2004","CHS0000000580","ENG0000000580","11/4/2022 12:00:00 AM"
"581","581","T581ABC","Mitsubishi","Polo","Black","2005","CHS0000000581","ENG0000000581","1/20/2022 12:00:00 AM"
"582","582","T582ABC","Volkswagen","RAV4","Green","2006","CHS0000000582","ENG0000000582","5/23/2021 12:00:00 AM"
"583","583","T583ABC","Ford","Noah","Red","2007","CHS0000000583","ENG0000000583","7/24/2021 12:00:00 AM"
"584","584","T584ABC","Toyota","Hilux","Silver","2008","CHS0000000584","ENG0000000584","1/12/2022 12:00:00 AM"
"585","585","T585ABC","Ford","Hilux","Red","2009","CHS0000000585","ENG0000000585","5/1/2023 12:00:00 AM"
"586","586","T586ABC","Toyota","Premio","Red","2010","CHS0000000586","ENG0000000586","8/9/2022 12:00:00 AM"
"587","587","T587ABC","Toyota","Rio","Green","2011","CHS0000000587","ENG0000000587","3/14/2025 12:00:00 AM"
"588","588","T588ABC","Ford","Canter","Blue","2012","CHS0000000588","ENG0000000588","7/11/2022 12:00:00 AM"
"589","589","T589ABC","Mitsubishi","Polo","Black","2013","CHS0000000589","ENG0000000589","12/11/2020 12:00:00 AM"
"590","590","T590ABC","Volkswagen","Polo","Black","2014","CHS0000000590","ENG0000000590","4/3/2024 12:00:00 AM"
"591","591","T591ABC","Honda","Corolla","Gray","2015","CHS0000000591","ENG0000000591","10/22/2021 12:00:00 AM"
"592","592","T592ABC","Suzuki","Canter","Silver","2016","CHS0000000592","ENG0000000592","6/27/2023 12:00:00 AM"
"593","593","T593ABC","Volkswagen","Noah","Silver","2017","CHS0000000593","ENG0000000593","11/23/2025 12:00:00 AM"
"594","594","T594ABC","Hyundai","RAV4","Black","2018","CHS0000000594","ENG0000000594","7/24/2025 12:00:00 AM"
"595","595","T595ABC","Nissan","Rio","Black","2019","CHS0000000595","ENG0000000595","7/9/2024 12:00:00 AM"
"596","596","T596ABC","Mitsubishi","Corolla","Blue","2020","CHS0000000596","ENG0000000596","2/18/2021 12:00:00 AM"
"597","597","T597ABC","Volkswagen","Noah","Green","2021","CHS0000000597","ENG0000000597","8/7/2021 12:00:00 AM"
"598","598","T598ABC","Volkswagen","Corolla","Red","2022","CHS0000000598","ENG0000000598","3/3/2025 12:00:00 AM"
"599","599","T599ABC","Volkswagen","Corolla","White","2023","CHS0000000599","ENG0000000599","9/29/2025 12:00:00 AM"
"600","600","T600ABC","Ford","Premio","White","2000","CHS0000000600","ENG0000000600","12/1/2022 12:00:00 AM"
